comment,date,netvalue,totvalue
0.0,"{""feeinfo"": [""\u5c0f\u4e8e7\u5929"", ""1.50%"", ""\u5927\u4e8e\u7b49\u4e8e7\u5929\uff0c\u5c0f\u4e8e30\u5929"", ""1.00%"", ""\u5927\u4e8e\u7b49\u4e8e30\u5929"", ""0.00%""], ""name"": ""\u4e2d\u6b27\u65b0\u84dd\u7b79\u6df7\u5408C"", ""rate"": 0.0, ""segment"": [[0, 7], [7, 30], [30]]}",0.0,0.0
0.0,2017-01-12 00:00:00,1.4326,2.5116
0.0,2017-01-13 00:00:00,1.4208,1.4208
0.0,2017-01-16 00:00:00,1.3956,1.3956
0.0,2017-01-17 00:00:00,1.405,1.405
0.0,2017-01-18 00:00:00,1.4105,1.4105
0.0,2017-01-19 00:00:00,1.4061,1.4061
0.0,2017-01-20 00:00:00,1.416,1.416
0.0,2017-01-23 00:00:00,1.4286,1.4286
0.0,2017-01-24 00:00:00,1.4257,1.4257
0.0,2017-01-25 00:00:00,1.4296,1.4296
0.0,2017-01-26 00:00:00,1.4361,1.4361
0.0,2017-02-03 00:00:00,1.43,1.43
0.0,2017-02-06 00:00:00,1.4413,1.4413
0.0,2017-02-07 00:00:00,1.4398,1.4398
0.0,2017-02-08 00:00:00,1.4464,1.4464
0.0,2017-02-09 00:00:00,1.4549,1.4549
0.0,2017-02-10 00:00:00,1.4593,1.4593
0.0,2017-02-13 00:00:00,1.4676,1.4676
0.0,2017-02-14 00:00:00,1.4656,1.4656
0.0,2017-02-15 00:00:00,1.4534,1.4534
0.0,2017-02-16 00:00:00,1.4661,1.4661
0.0,2017-02-17 00:00:00,1.4584,1.4584
0.0,2017-02-20 00:00:00,1.4751,1.4751
0.0,2017-02-21 00:00:00,1.4837,1.4837
0.0,2017-02-22 00:00:00,1.4874,1.4874
0.0,2017-02-23 00:00:00,1.4853,1.4853
0.0,2017-02-24 00:00:00,1.4824,1.4824
0.0,2017-02-27 00:00:00,1.4705,1.4705
0.0,2017-02-28 00:00:00,1.4755,1.4755
0.0,2017-03-01 00:00:00,1.4782,1.4782
0.0,2017-03-02 00:00:00,1.4733,1.4733
0.0,2017-03-03 00:00:00,1.4698,1.4698
0.0,2017-03-06 00:00:00,1.4792,1.4792
0.0,2017-03-07 00:00:00,1.4839,1.4839
0.0,2017-03-08 00:00:00,1.4741,1.4741
0.0,2017-03-09 00:00:00,1.4662,1.4662
0.0,2017-03-10 00:00:00,1.4658,1.4658
0.0,2017-03-13 00:00:00,1.4758,1.4758
0.0,2017-03-14 00:00:00,1.4719,1.4719
0.0,2017-03-15 00:00:00,1.4748,1.4748
0.0,2017-03-16 00:00:00,1.4819,1.4819
0.0,2017-03-17 00:00:00,1.4753,1.4753
0.2214,2017-03-20 00:00:00,1.2564,1.4778
0.0,2017-03-21 00:00:00,1.2621,1.4835
0.0,2017-03-22 00:00:00,1.2667,1.4881
0.0,2017-03-23 00:00:00,1.2687,1.4901
0.0,2017-03-24 00:00:00,1.2708,1.4922
0.0,2017-03-27 00:00:00,1.2647,1.4861
0.0,2017-03-28 00:00:00,1.2628,1.4842
0.0,2017-03-29 00:00:00,1.2568,1.4782
0.0,2017-03-30 00:00:00,1.2467,1.4681
0.0,2017-03-31 00:00:00,1.2558,1.4772
0.0,2017-04-05 00:00:00,1.2684,1.4898
0.0,2017-04-06 00:00:00,1.2687,1.4901
0.0,2017-04-07 00:00:00,1.27,1.4914
0.0,2017-04-10 00:00:00,1.2632,1.4846
0.0,2017-04-11 00:00:00,1.2663,1.4877
0.0,2017-04-12 00:00:00,1.2678,1.4892
0.0,2017-04-13 00:00:00,1.2746,1.496
0.0,2017-04-14 00:00:00,1.2642,1.4856
0.0,2017-04-17 00:00:00,1.2622,1.4836
0.0,2017-04-18 00:00:00,1.2618,1.4832
0.0,2017-04-19 00:00:00,1.2655,1.4869
0.0,2017-04-20 00:00:00,1.2725,1.4939
0.0,2017-04-21 00:00:00,1.2698,1.4912
0.0,2017-04-24 00:00:00,1.2571,1.4785
0.0,2017-04-25 00:00:00,1.2703,1.4917
0.0,2017-04-26 00:00:00,1.2689,1.4903
0.0,2017-04-27 00:00:00,1.2685,1.4899
0.0,2017-04-28 00:00:00,1.271,1.4924
0.0,2017-05-02 00:00:00,1.2676,1.489
0.0,2017-05-03 00:00:00,1.2638,1.4852
0.0,2017-05-04 00:00:00,1.257,1.4784
0.0,2017-05-05 00:00:00,1.2462,1.4676
0.0,2017-05-08 00:00:00,1.2331,1.4545
0.0,2017-05-09 00:00:00,1.2453,1.4667
0.0,2017-05-10 00:00:00,1.2379,1.4593
0.0,2017-05-11 00:00:00,1.2423,1.4637
0.0,2017-05-12 00:00:00,1.2466,1.468
0.0,2017-05-15 00:00:00,1.2476,1.469
0.0,2017-05-16 00:00:00,1.2636,1.485
0.0,2017-05-17 00:00:00,1.2573,1.4787
0.0,2017-05-18 00:00:00,1.2549,1.4763
0.0,2017-05-19 00:00:00,1.2547,1.4761
0.0,2017-05-22 00:00:00,1.2465,1.4679
0.0,2017-05-23 00:00:00,1.2444,1.4658
0.0,2017-05-24 00:00:00,1.2452,1.4666
0.0,2017-05-25 00:00:00,1.2473,1.4687
0.0,2017-05-26 00:00:00,1.2437,1.4651
0.0,2017-05-31 00:00:00,1.2433,1.4647
0.0,2017-06-01 00:00:00,1.2412,1.4626
0.0,2017-06-02 00:00:00,1.2411,1.4625
0.0,2017-06-05 00:00:00,1.2434,1.4648
0.0,2017-06-06 00:00:00,1.2498,1.4712
0.0,2017-06-07 00:00:00,1.2665,1.4879
0.0,2017-06-08 00:00:00,1.2727,1.4941
0.0,2017-06-09 00:00:00,1.2763,1.4977
0.0,2017-06-12 00:00:00,1.2779,1.4993
0.0,2017-06-13 00:00:00,1.2853,1.5067
0.0,2017-06-14 00:00:00,1.2768,1.4982
0.0,2017-06-15 00:00:00,1.2781,1.4995
0.0,2017-06-16 00:00:00,1.2764,1.4978
0.0,2017-06-19 00:00:00,1.2849,1.5063
0.0,2017-06-20 00:00:00,1.2807,1.5021
0.0,2017-06-21 00:00:00,1.2895,1.5109
0.0,2017-06-22 00:00:00,1.2852,1.5066
0.0,2017-06-23 00:00:00,1.2926,1.514
0.0,2017-06-26 00:00:00,1.3075,1.5289
0.0,2017-06-27 00:00:00,1.308,1.5294
0.0,2017-06-28 00:00:00,1.2992,1.5206
0.0,2017-06-29 00:00:00,1.3049,1.5263
0.0,2017-06-30 00:00:00,1.3078,1.5292
0.0,2017-07-03 00:00:00,1.3056,1.527
0.0,2017-07-04 00:00:00,1.2933,1.5147
0.0,2017-07-05 00:00:00,1.3079,1.5293
0.0,2017-07-06 00:00:00,1.3089,1.5303
0.0,2017-07-07 00:00:00,1.3054,1.5268
0.0,2017-07-10 00:00:00,1.3072,1.5286
0.0,2017-07-11 00:00:00,1.3062,1.5276
0.0,2017-07-12 00:00:00,1.3009,1.5223
0.0,2017-07-13 00:00:00,1.3069,1.5283
0.0,2017-07-14 00:00:00,1.3082,1.5296
0.0,2017-07-17 00:00:00,1.2939,1.5153
0.0,2017-07-18 00:00:00,1.2996,1.521
0.0,2017-07-19 00:00:00,1.3123,1.5337
0.0,2017-07-20 00:00:00,1.318,1.5394
0.0,2017-07-21 00:00:00,1.31,1.5314
0.0,2017-07-24 00:00:00,1.3127,1.5341
0.0,2017-07-25 00:00:00,1.3087,1.5301
0.0,2017-07-26 00:00:00,1.2992,1.5206
0.0,2017-07-27 00:00:00,1.3068,1.5282
0.0,2017-07-28 00:00:00,1.3137,1.5351
0.0,2017-07-31 00:00:00,1.3219,1.5433
0.0,2017-08-01 00:00:00,1.3351,1.5565
0.0,2017-08-02 00:00:00,1.3295,1.5509
0.0,2017-08-03 00:00:00,1.3213,1.5427
0.0,2017-08-04 00:00:00,1.3143,1.5357
0.0,2017-08-07 00:00:00,1.3233,1.5447
0.0,2017-08-08 00:00:00,1.3277,1.5491
0.0,2017-08-09 00:00:00,1.3359,1.5573
0.0,2017-08-10 00:00:00,1.3344,1.5558
0.0,2017-08-11 00:00:00,1.3174,1.5388
0.0,2017-08-14 00:00:00,1.3321,1.5535
0.0,2017-08-15 00:00:00,1.3364,1.5578
0.0,2017-08-16 00:00:00,1.3371,1.5585
0.0,2017-08-17 00:00:00,1.3325,1.5539
0.0,2017-08-18 00:00:00,1.3382,1.5596
0.0,2017-08-21 00:00:00,1.3401,1.5615
0.0,2017-08-22 00:00:00,1.3413,1.5627
0.0,2017-08-23 00:00:00,1.3379,1.5593
0.0,2017-08-24 00:00:00,1.3317,1.5531
0.0,2017-08-25 00:00:00,1.3447,1.5661
0.0,2017-08-28 00:00:00,1.3574,1.5788
0.0,2017-08-29 00:00:00,1.3569,1.5783
0.0,2017-08-30 00:00:00,1.3601,1.5815
0.0,2017-08-31 00:00:00,1.3586,1.58
0.0,2017-09-01 00:00:00,1.3621,1.5835
0.0,2017-09-04 00:00:00,1.3621,1.5835
0.0,2017-09-05 00:00:00,1.3693,1.5907
0.0,2017-09-06 00:00:00,1.3669,1.5883
0.0,2017-09-07 00:00:00,1.3586,1.58
0.0,2017-09-08 00:00:00,1.3539,1.5753
0.0,2017-09-11 00:00:00,1.3528,1.5742
0.0,2017-09-12 00:00:00,1.3574,1.5788
0.0,2017-09-13 00:00:00,1.358,1.5794
0.0,2017-09-14 00:00:00,1.3496,1.571
0.0,2017-09-15 00:00:00,1.3451,1.5665
0.0,2017-09-18 00:00:00,1.3548,1.5762
0.0,2017-09-19 00:00:00,1.3523,1.5737
0.0,2017-09-20 00:00:00,1.3544,1.5758
0.0,2017-09-21 00:00:00,1.3581,1.5795
0.0,2017-09-22 00:00:00,1.3581,1.5795
0.0,2017-09-25 00:00:00,1.3596,1.581
0.0,2017-09-26 00:00:00,1.3564,1.5778
0.0,2017-09-27 00:00:00,1.3582,1.5796
0.0,2017-09-28 00:00:00,1.3633,1.5847
0.0,2017-09-29 00:00:00,1.3691,1.5905
0.0,2017-10-09 00:00:00,1.3785,1.5999
0.0,2017-10-10 00:00:00,1.3819,1.6033
0.0,2017-10-11 00:00:00,1.3854,1.6068
0.0,2017-10-12 00:00:00,1.3936,1.615
0.0,2017-10-13 00:00:00,1.4016,1.623
0.0,2017-10-16 00:00:00,1.3971,1.6185
0.0,2017-10-17 00:00:00,1.4008,1.6222
0.0,2017-10-18 00:00:00,1.414,1.6354
0.0,2017-10-19 00:00:00,1.4211,1.6425
0.0,2017-10-20 00:00:00,1.4164,1.6378
0.0,2017-10-23 00:00:00,1.4229,1.6443
0.0,2017-10-24 00:00:00,1.4248,1.6462
0.0,2017-10-25 00:00:00,1.4305,1.6519
0.0,2017-10-26 00:00:00,1.4389,1.6603
0.0,2017-10-27 00:00:00,1.4517,1.6731
0.0,2017-10-30 00:00:00,1.4501,1.6715
0.0,2017-10-31 00:00:00,1.4537,1.6751
0.0,2017-11-01 00:00:00,1.4519,1.6733
0.0,2017-11-02 00:00:00,1.4496,1.671
0.0,2017-11-03 00:00:00,1.4466,1.668
0.0,2017-11-06 00:00:00,1.4568,1.6782
0.0,2017-11-07 00:00:00,1.466,1.6874
0.0,2017-11-08 00:00:00,1.4545,1.6759
0.0,2017-11-09 00:00:00,1.4692,1.6906
0.0,2017-11-10 00:00:00,1.5012,1.7226
0.0,2017-11-13 00:00:00,1.5058,1.7272
0.0,2017-11-14 00:00:00,1.4948,1.7162
0.0,2017-11-15 00:00:00,1.4824,1.7038
0.0,2017-11-16 00:00:00,1.5135,1.7349
0.0,2017-11-17 00:00:00,1.5008,1.7222
0.0,2017-11-20 00:00:00,1.5131,1.7345
0.0,2017-11-21 00:00:00,1.5233,1.7447
0.0,2017-11-22 00:00:00,1.5063,1.7277
0.0,2017-11-23 00:00:00,1.4574,1.6788
0.0,2017-11-24 00:00:00,1.4536,1.675
0.0,2017-11-27 00:00:00,1.4314,1.6528
0.0,2017-11-28 00:00:00,1.4447,1.6661
0.0,2017-11-29 00:00:00,1.4388,1.6602
0.0,2017-11-30 00:00:00,1.4282,1.6496
0.0,2017-12-01 00:00:00,1.4354,1.6568
0.0,2017-12-04 00:00:00,1.4424,1.6638
0.0,2017-12-05 00:00:00,1.4378,1.6592
0.0,2017-12-06 00:00:00,1.4414,1.6628
0.0,2017-12-07 00:00:00,1.425,1.6464
0.0,2017-12-08 00:00:00,1.4436,1.665
0.0,2017-12-11 00:00:00,1.4693,1.6907
0.0,2017-12-12 00:00:00,1.4547,1.6761
0.0,2017-12-13 00:00:00,1.4669,1.6883
0.0,2017-12-14 00:00:00,1.4573,1.6787
0.0,2017-12-15 00:00:00,1.4472,1.6686
0.0,2017-12-18 00:00:00,1.4479,1.6693
0.0,2017-12-19 00:00:00,1.4724,1.6938
0.0,2017-12-20 00:00:00,1.4754,1.6968
0.0,2017-12-21 00:00:00,1.4861,1.7075
0.0,2017-12-22 00:00:00,1.4775,1.6989
0.0,2017-12-25 00:00:00,1.4624,1.6838
0.0,2017-12-26 00:00:00,1.4703,1.6917
0.0,2017-12-27 00:00:00,1.442,1.6634
0.0,2017-12-28 00:00:00,1.453,1.6744
0.0,2017-12-29 00:00:00,1.4542,1.6756
0.0,2018-01-02 00:00:00,1.4691,1.6905
0.0,2018-01-03 00:00:00,1.4701,1.6915
0.0,2018-01-04 00:00:00,1.4739,1.6953
0.0,2018-01-05 00:00:00,1.4741,1.6955
0.0,2018-01-08 00:00:00,1.469,1.6904
0.0,2018-01-09 00:00:00,1.487,1.7084
0.0,2018-01-10 00:00:00,1.4829,1.7043
0.0,2018-01-11 00:00:00,1.4832,1.7046
0.0,2018-01-12 00:00:00,1.4935,1.7149
0.0,2018-01-15 00:00:00,1.4902,1.7116
0.0,2018-01-16 00:00:00,1.4899,1.7113
0.0,2018-01-17 00:00:00,1.4822,1.7036
0.0,2018-01-18 00:00:00,1.4783,1.6997
0.0,2018-01-19 00:00:00,1.4759,1.6973
0.0,2018-01-22 00:00:00,1.489,1.7104
0.0,2018-01-23 00:00:00,1.4964,1.7178
0.0,2018-01-24 00:00:00,1.4929,1.7143
0.0,2018-01-25 00:00:00,1.4804,1.7018
0.0,2018-01-26 00:00:00,1.4874,1.7088
0.0,2018-01-29 00:00:00,1.4518,1.6732
0.0,2018-01-30 00:00:00,1.4456,1.667
0.0,2018-01-31 00:00:00,1.4448,1.6662
0.0,2018-02-01 00:00:00,1.4291,1.6505
0.0,2018-02-02 00:00:00,1.4409,1.6623
0.0,2018-02-05 00:00:00,1.4329,1.6543
0.0,2018-02-06 00:00:00,1.3922,1.6136
0.0,2018-02-07 00:00:00,1.3788,1.6002
0.0,2018-02-08 00:00:00,1.3735,1.5949
0.0,2018-02-09 00:00:00,1.3266,1.548
0.0,2018-02-12 00:00:00,1.3509,1.5723
0.0,2018-02-13 00:00:00,1.3701,1.5915
0.0,2018-02-14 00:00:00,1.3828,1.6042
0.0,2018-02-22 00:00:00,1.4105,1.6319
0.0,2018-02-23 00:00:00,1.4124,1.6338
0.0,2018-02-26 00:00:00,1.4396,1.661
0.0,2018-02-27 00:00:00,1.4304,1.6518
0.0,2018-02-28 00:00:00,1.419,1.6404
0.0,2018-03-01 00:00:00,1.4332,1.6546
0.0,2018-03-02 00:00:00,1.4183,1.6397
0.0,2018-03-05 00:00:00,1.4261,1.6475
0.0,2018-03-06 00:00:00,1.4453,1.6667
0.0,2018-03-07 00:00:00,1.4314,1.6528
0.0,2018-03-08 00:00:00,1.4482,1.6696
0.0,2018-03-09 00:00:00,1.4588,1.6802
0.0,2018-03-12 00:00:00,1.471,1.6924
0.0,2018-03-13 00:00:00,1.4542,1.6756
0.0,2018-03-14 00:00:00,1.4417,1.6631
0.0,2018-03-15 00:00:00,1.4459,1.6673
0.0,2018-03-16 00:00:00,1.4371,1.6585
0.0,2018-03-19 00:00:00,1.4516,1.673
0.0,2018-03-20 00:00:00,1.4545,1.6759
0.0,2018-03-21 00:00:00,1.4452,1.6666
0.0,2018-03-22 00:00:00,1.4307,1.6521
0.0,2018-03-23 00:00:00,1.3942,1.6156
0.0,2018-03-26 00:00:00,1.3978,1.6192
0.0,2018-03-27 00:00:00,1.4085,1.6299
0.0,2018-03-28 00:00:00,1.3881,1.6095
0.0,2018-03-29 00:00:00,1.3975,1.6189
0.0,2018-03-30 00:00:00,1.4076,1.629
0.0,2018-04-02 00:00:00,1.4068,1.6282
0.0,2018-04-03 00:00:00,1.4042,1.6256
0.0,2018-04-04 00:00:00,1.3956,1.617
0.0,2018-04-09 00:00:00,1.3985,1.6199
0.0,2018-04-10 00:00:00,1.4108,1.6322
0.0,2018-04-11 00:00:00,1.4146,1.636
0.0,2018-04-12 00:00:00,1.409,1.6304
0.0,2018-04-13 00:00:00,1.3968,1.6182
0.0,2018-04-16 00:00:00,1.389,1.6104
0.0,2018-04-17 00:00:00,1.3738,1.5952
0.0,2018-04-18 00:00:00,1.3614,1.5828
0.0,2018-04-19 00:00:00,1.3651,1.5865
0.0,2018-04-20 00:00:00,1.3567,1.5781
0.0,2018-04-23 00:00:00,1.3527,1.5741
0.0,2018-04-24 00:00:00,1.3689,1.5903
0.0,2018-04-25 00:00:00,1.3793,1.6007
0.0,2018-04-26 00:00:00,1.3611,1.5825
0.0,2018-04-27 00:00:00,1.3645,1.5859
0.0,2018-05-02 00:00:00,1.3694,1.5908
0.0,2018-05-03 00:00:00,1.3728,1.5942
0.0,2018-05-04 00:00:00,1.3777,1.5991
0.0,2018-05-07 00:00:00,1.3972,1.6186
0.0,2018-05-08 00:00:00,1.4003,1.6217
0.0,2018-05-09 00:00:00,1.3988,1.6202
0.0,2018-05-10 00:00:00,1.4088,1.6302
0.0,2018-05-11 00:00:00,1.3978,1.6192
0.0,2018-05-14 00:00:00,1.4041,1.6255
0.0,2018-05-15 00:00:00,1.4149,1.6363
0.0,2018-05-16 00:00:00,1.4097,1.6311
0.0,2018-05-17 00:00:00,1.3959,1.6173
0.0,2018-05-18 00:00:00,1.4001,1.6215
0.0,2018-05-21 00:00:00,1.4065,1.6279
0.0,2018-05-22 00:00:00,1.4168,1.6382
0.0,2018-05-23 00:00:00,1.414,1.6354
0.0,2018-05-24 00:00:00,1.4125,1.6339
0.0,2018-05-25 00:00:00,1.4128,1.6342
0.0,2018-05-28 00:00:00,1.4148,1.6362
0.0,2018-05-29 00:00:00,1.4012,1.6226
0.0,2018-05-30 00:00:00,1.3864,1.6078
0.0,2018-05-31 00:00:00,1.4041,1.6255
0.0,2018-06-01 00:00:00,1.3806,1.602
0.0,2018-06-04 00:00:00,1.3855,1.6069
0.0,2018-06-05 00:00:00,1.4011,1.6225
0.0,2018-06-06 00:00:00,1.4145,1.6359
0.0,2018-06-07 00:00:00,1.4108,1.6322
0.0,2018-06-08 00:00:00,1.4064,1.6278
0.0,2018-06-11 00:00:00,1.3957,1.6171
0.0,2018-06-12 00:00:00,1.4151,1.6365
0.0,2018-06-13 00:00:00,1.4083,1.6297
0.0,2018-06-14 00:00:00,1.4022,1.6236
0.0,2018-06-15 00:00:00,1.3929,1.6143
0.0,2018-06-19 00:00:00,1.3612,1.5826
0.0,2018-06-20 00:00:00,1.3724,1.5938
0.0,2018-06-21 00:00:00,1.3605,1.5819
0.0,2018-06-22 00:00:00,1.3613,1.5827
0.1981,2018-06-25 00:00:00,1.152,1.5715
0.0,2018-06-26 00:00:00,1.1464,1.5659
0.0,2018-06-27 00:00:00,1.1245,1.544
0.0,2018-06-28 00:00:00,1.1185,1.538
0.0,2018-06-29 00:00:00,1.1521,1.5716
0.0,2018-07-02 00:00:00,1.1455,1.565
0.0,2018-07-03 00:00:00,1.1461,1.5656
0.0,2018-07-04 00:00:00,1.1379,1.5574
0.0,2018-07-05 00:00:00,1.1192,1.5387
0.0,2018-07-06 00:00:00,1.122,1.5415
0.0,2018-07-09 00:00:00,1.1501,1.5696
0.0,2018-07-10 00:00:00,1.1544,1.5739
0.0,2018-07-11 00:00:00,1.1475,1.567
0.0,2018-07-12 00:00:00,1.1768,1.5963
0.0,2018-07-13 00:00:00,1.1823,1.6018
0.0,2018-07-16 00:00:00,1.1819,1.6014
0.0,2018-07-17 00:00:00,1.1817,1.6012
0.0,2018-07-18 00:00:00,1.1776,1.5971
0.0,2018-07-19 00:00:00,1.1675,1.587
0.0,2018-07-20 00:00:00,1.1747,1.5942
0.0,2018-07-23 00:00:00,1.1504,1.5699
0.0,2018-07-24 00:00:00,1.1533,1.5728
0.0,2018-07-25 00:00:00,1.1648,1.5843
0.0,2018-07-26 00:00:00,1.1479,1.5674
0.0,2018-07-27 00:00:00,1.1454,1.5649
0.0,2018-07-30 00:00:00,1.1264,1.5459
0.0,2018-07-31 00:00:00,1.1281,1.5476
0.0,2018-08-01 00:00:00,1.1171,1.5366
0.0,2018-08-02 00:00:00,1.1139,1.5334
0.0,2018-08-03 00:00:00,1.0899,1.5094
0.0,2018-08-06 00:00:00,1.0689,1.4884
0.0,2018-08-07 00:00:00,1.0933,1.5128
0.0,2018-08-08 00:00:00,1.0747,1.4942
0.0,2018-08-09 00:00:00,1.1024,1.5219
0.0,2018-08-10 00:00:00,1.1086,1.5281
0.0,2018-08-13 00:00:00,1.1171,1.5366
0.0,2018-08-14 00:00:00,1.1104,1.5299
0.0,2018-08-15 00:00:00,1.0897,1.5092
0.0,2018-08-16 00:00:00,1.0874,1.5069
0.0,2018-08-17 00:00:00,1.0653,1.4848
0.0,2018-08-20 00:00:00,1.0644,1.4839
0.0,2018-08-21 00:00:00,1.0874,1.5069
0.0,2018-08-22 00:00:00,1.0833,1.5028
0.0,2018-08-23 00:00:00,1.0967,1.5162
0.0,2018-08-24 00:00:00,1.1004,1.5199
0.0,2018-08-27 00:00:00,1.1243,1.5438
0.0,2018-08-28 00:00:00,1.122,1.5415
0.0,2018-08-29 00:00:00,1.117,1.5365
0.0,2018-08-30 00:00:00,1.1093,1.5288
0.0,2018-08-31 00:00:00,1.0983,1.5178
0.0,2018-09-03 00:00:00,1.0993,1.5188
0.0,2018-09-04 00:00:00,1.1068,1.5263
0.0,2018-09-05 00:00:00,1.0944,1.5139
0.0,2018-09-06 00:00:00,1.0868,1.5063
0.0,2018-09-07 00:00:00,1.0936,1.5131
0.0,2018-09-10 00:00:00,1.0745,1.494
0.0,2018-09-11 00:00:00,1.08,1.4995
0.0,2018-09-12 00:00:00,1.068,1.4875
0.0,2018-09-13 00:00:00,1.0704,1.4899
0.0,2018-09-14 00:00:00,1.0649,1.4844
0.0,2018-09-17 00:00:00,1.0526,1.4721
0.0,2018-09-18 00:00:00,1.0642,1.4837
0.0,2018-09-19 00:00:00,1.0702,1.4897
0.0663,2018-09-20 00:00:00,1.0004,1.4862
0.0,2018-09-21 00:00:00,1.0163,1.5021
0.0,2018-09-25 00:00:00,1.0169,1.5027
0.0,2018-09-26 00:00:00,1.0248,1.5106
0.0,2018-09-27 00:00:00,1.022,1.5078
0.0,2018-09-28 00:00:00,1.0275,1.5133
0.0,2018-10-08 00:00:00,0.9926,1.4784
0.0,2018-10-09 00:00:00,0.9891,1.4749
0.0,2018-10-10 00:00:00,0.9835,1.4693
0.0,2018-10-11 00:00:00,0.94,1.4258
0.0,2018-10-12 00:00:00,0.9512,1.437
0.0,2018-10-15 00:00:00,0.9466,1.4324
0.0,2018-10-16 00:00:00,0.9351,1.4209
0.0,2018-10-17 00:00:00,0.9382,1.424
0.0,2018-10-18 00:00:00,0.9125,1.3983
0.0,2018-10-19 00:00:00,0.9421,1.4279
0.0,2018-10-22 00:00:00,0.9778,1.4636
0.0,2018-10-23 00:00:00,0.9641,1.4499
0.0,2018-10-24 00:00:00,0.9557,1.4415
0.0,2018-10-25 00:00:00,0.9582,1.444
0.0,2018-10-26 00:00:00,0.9456,1.4314
0.0,2018-10-29 00:00:00,0.9338,1.4196
0.0,2018-10-30 00:00:00,0.9425,1.4283
0.0,2018-10-31 00:00:00,0.9503,1.4361
0.0,2018-11-01 00:00:00,0.9555,1.4413
0.0,2018-11-02 00:00:00,0.9848,1.4706
0.0,2018-11-05 00:00:00,0.9807,1.4665
0.0,2018-11-06 00:00:00,0.9843,1.4701
0.0,2018-11-07 00:00:00,0.9861,1.4719
0.0,2018-11-08 00:00:00,0.9858,1.4716
0.0,2018-11-09 00:00:00,0.9768,1.4626
0.0,2018-11-12 00:00:00,0.9918,1.4776
0.0,2018-11-13 00:00:00,1.0018,1.4876
0.0,2018-11-14 00:00:00,0.9969,1.4827
0.0,2018-11-15 00:00:00,1.0068,1.4926
0.0,2018-11-16 00:00:00,1.0095,1.4953
0.0,2018-11-19 00:00:00,1.0118,1.4976
0.0,2018-11-20 00:00:00,0.9895,1.4753
0.0,2018-11-21 00:00:00,0.9986,1.4844
0.0,2018-11-22 00:00:00,0.9957,1.4815
0.0,2018-11-23 00:00:00,0.98,1.4658
0.0,2018-11-26 00:00:00,0.9767,1.4625
0.0,2018-11-27 00:00:00,0.9811,1.4669
0.0,2018-11-28 00:00:00,0.9874,1.4732
0.0,2018-11-29 00:00:00,0.9756,1.4614
0.0,2018-11-30 00:00:00,0.9827,1.4685
0.0,2018-12-03 00:00:00,1.0095,1.4953
0.0,2018-12-04 00:00:00,1.0125,1.4983
0.0,2018-12-05 00:00:00,1.0128,1.4986
0.0,2018-12-06 00:00:00,0.9838,1.4696
0.0,2018-12-07 00:00:00,0.9796,1.4654
0.0,2018-12-10 00:00:00,0.9709,1.4567
0.0,2018-12-11 00:00:00,0.9764,1.4622
0.0,2018-12-12 00:00:00,0.9726,1.4584
0.0,2018-12-13 00:00:00,0.9829,1.4687
0.0,2018-12-14 00:00:00,0.9636,1.4494
0.0,2018-12-17 00:00:00,0.955,1.4408
0.0,2018-12-18 00:00:00,0.9506,1.4364
0.0,2018-12-19 00:00:00,0.9391,1.4249
0.0,2018-12-20 00:00:00,0.94,1.4258
0.0,2018-12-21 00:00:00,0.9322,1.418
0.0,2018-12-24 00:00:00,0.9489,1.4347
0.0,2018-12-25 00:00:00,0.9518,1.4376
0.0,2018-12-26 00:00:00,0.9473,1.4331
0.0,2018-12-27 00:00:00,0.9427,1.4285
0.0,2018-12-28 00:00:00,0.9457,1.4315
0.0,2019-01-02 00:00:00,0.9312,1.417
0.0,2019-01-03 00:00:00,0.9227,1.4085
0.0,2019-01-04 00:00:00,0.9402,1.426
0.0,2019-01-07 00:00:00,0.9526,1.4384
0.0,2019-01-08 00:00:00,0.9537,1.4395
0.0,2019-01-09 00:00:00,0.9559,1.4417
0.0,2019-01-10 00:00:00,0.9519,1.4377
0.0,2019-01-11 00:00:00,0.9587,1.4445
0.0,2019-01-14 00:00:00,0.9509,1.4367
0.0,2019-01-15 00:00:00,0.9635,1.4493
0.0,2019-01-16 00:00:00,0.9689,1.4547
0.0,2019-01-17 00:00:00,0.9635,1.4493
0.0,2019-01-18 00:00:00,0.981,1.4668
0.0,2019-01-21 00:00:00,0.9866,1.4724
0.0,2019-01-22 00:00:00,0.9764,1.4622
0.0,2019-01-23 00:00:00,0.9794,1.4652
0.0,2019-01-24 00:00:00,0.9859,1.4717
0.0,2019-01-25 00:00:00,0.9903,1.4761
0.0,2019-01-28 00:00:00,0.9904,1.4762
0.0,2019-01-29 00:00:00,0.9909,1.4767
0.0,2019-01-30 00:00:00,0.9792,1.465
0.0,2019-01-31 00:00:00,0.9875,1.4733
0.0,2019-02-01 00:00:00,1.0023,1.4881
0.0,2019-02-11 00:00:00,1.0246,1.5104
0.0,2019-02-12 00:00:00,1.0302,1.516
0.0,2019-02-13 00:00:00,1.0431,1.5289
0.0,2019-02-14 00:00:00,1.0441,1.5299
0.0,2019-02-15 00:00:00,1.0402,1.526
0.0,2019-02-18 00:00:00,1.0758,1.5616
0.0,2019-02-19 00:00:00,1.0703,1.5561
0.0,2019-02-20 00:00:00,1.0758,1.5616
0.0,2019-02-21 00:00:00,1.0814,1.5672
0.0,2019-02-22 00:00:00,1.1083,1.5941
0.0,2019-02-25 00:00:00,1.1476,1.6334
0.0,2019-02-26 00:00:00,1.1449,1.6307
0.0,2019-02-27 00:00:00,1.1338,1.6196
0.0,2019-02-28 00:00:00,1.1378,1.6236
0.0,2019-03-01 00:00:00,1.1527,1.6385
0.0,2019-03-04 00:00:00,1.176,1.6618
0.0,2019-03-05 00:00:00,1.1905,1.6763
0.0,2019-03-06 00:00:00,1.1916,1.6774
0.0,2019-03-07 00:00:00,1.1724,1.6582
0.0,2019-03-08 00:00:00,1.1657,1.6515
0.0,2019-03-11 00:00:00,1.1946,1.6804
0.0,2019-03-12 00:00:00,1.2039,1.6897
0.0,2019-03-13 00:00:00,1.1703,1.6561
0.0,2019-03-14 00:00:00,1.1675,1.6533
0.0,2019-03-15 00:00:00,1.1792,1.665
0.0,2019-03-18 00:00:00,1.2114,1.6972
0.0,2019-03-19 00:00:00,1.2066,1.6924
0.0,2019-03-20 00:00:00,1.1975,1.6833
0.0,2019-03-21 00:00:00,1.2002,1.686
0.0,2019-03-22 00:00:00,1.1962,1.682
0.0,2019-03-25 00:00:00,1.1835,1.6693
0.0,2019-03-26 00:00:00,1.1697,1.6555
0.0,2019-03-27 00:00:00,1.1895,1.6753
0.0,2019-03-28 00:00:00,1.2017,1.6875
0.0,2019-03-29 00:00:00,1.2392,1.725
0.0,2019-04-01 00:00:00,1.2822,1.768
0.0,2019-04-02 00:00:00,1.2686,1.7544
0.0,2019-04-03 00:00:00,1.2718,1.7576
0.0,2019-04-04 00:00:00,1.2869,1.7727
0.0,2019-04-08 00:00:00,1.2763,1.7621
0.0,2019-04-09 00:00:00,1.2769,1.7627
0.0,2019-04-10 00:00:00,1.2836,1.7694
0.0,2019-04-11 00:00:00,1.2586,1.7444
0.0,2019-04-12 00:00:00,1.2602,1.746
0.0,2019-04-15 00:00:00,1.2573,1.7431
0.0,2019-04-16 00:00:00,1.2841,1.7699
0.0,2019-04-17 00:00:00,1.2921,1.7779
0.0,2019-04-18 00:00:00,1.2878,1.7736
0.0,2019-04-19 00:00:00,1.3,1.7858
0.0,2019-04-22 00:00:00,1.3044,1.7902
0.0,2019-04-23 00:00:00,1.2974,1.7832
0.0,2019-04-24 00:00:00,1.3082,1.794
0.0,2019-04-25 00:00:00,1.294,1.7798
0.0,2019-04-26 00:00:00,1.2833,1.7691
0.0,2019-04-29 00:00:00,1.2771,1.7629
0.0,2019-04-30 00:00:00,1.2854,1.7712
0.0,2019-05-06 00:00:00,1.2132,1.699
0.0,2019-05-07 00:00:00,1.2175,1.7033
0.0,2019-05-08 00:00:00,1.1956,1.6814
0.0,2019-05-09 00:00:00,1.1857,1.6715
0.0,2019-05-10 00:00:00,1.2359,1.7217
0.0,2019-05-13 00:00:00,1.2244,1.7102
0.0,2019-05-14 00:00:00,1.2212,1.707
0.0,2019-05-15 00:00:00,1.2492,1.735
0.0,2019-05-16 00:00:00,1.2451,1.7309
0.0,2019-05-17 00:00:00,1.2177,1.7035
0.0,2019-05-20 00:00:00,1.1874,1.6732
0.0,2019-05-21 00:00:00,1.2081,1.6939
0.0,2019-05-22 00:00:00,1.2096,1.6954
0.0,2019-05-23 00:00:00,1.181,1.6668
0.0,2019-05-24 00:00:00,1.1777,1.6635
0.0,2019-05-27 00:00:00,1.2048,1.6906
0.0,2019-05-28 00:00:00,1.2211,1.7069
0.0,2019-05-29 00:00:00,1.2199,1.7057
0.0,2019-05-30 00:00:00,1.2211,1.7069
0.0,2019-05-31 00:00:00,1.2272,1.713
0.0,2019-06-03 00:00:00,1.2357,1.7215
0.0,2019-06-04 00:00:00,1.2203,1.7061
0.0,2019-06-05 00:00:00,1.2132,1.699
0.0,2019-06-06 00:00:00,1.1838,1.6696
0.0,2019-06-10 00:00:00,1.2017,1.6875
0.0,2019-06-11 00:00:00,1.2331,1.7189
0.0,2019-06-12 00:00:00,1.2224,1.7082
0.0,2019-06-13 00:00:00,1.2266,1.7124
0.0,2019-06-14 00:00:00,1.2116,1.6974
0.0,2019-06-17 00:00:00,1.2078,1.6936
0.0,2019-06-18 00:00:00,1.2239,1.7097
0.0,2019-06-19 00:00:00,1.2364,1.7222
0.0,2019-06-20 00:00:00,1.2575,1.7433
0.0,2019-06-21 00:00:00,1.2513,1.7371
0.0,2019-06-24 00:00:00,1.2522,1.738
0.0,2019-06-25 00:00:00,1.2432,1.729
0.0,2019-06-26 00:00:00,1.2593,1.7451
0.0,2019-06-27 00:00:00,1.2827,1.7685
0.0,2019-06-28 00:00:00,1.2844,1.7702
0.0,2019-07-01 00:00:00,1.3228,1.8086
0.0,2019-07-02 00:00:00,1.3313,1.8171
0.0,2019-07-03 00:00:00,1.3091,1.7949
0.0,2019-07-04 00:00:00,1.2914,1.7772
0.0,2019-07-05 00:00:00,1.3123,1.7981
0.0,2019-07-08 00:00:00,1.3036,1.7894
0.0,2019-07-09 00:00:00,1.3028,1.7886
0.0,2019-07-10 00:00:00,1.2971,1.7829
0.0,2019-07-11 00:00:00,1.299,1.7848
0.0,2019-07-12 00:00:00,1.301,1.7868
0.0,2019-07-15 00:00:00,1.3224,1.8082
0.0,2019-07-16 00:00:00,1.3198,1.8056
0.0,2019-07-17 00:00:00,1.3201,1.8059
0.0,2019-07-18 00:00:00,1.3094,1.7952
0.0,2019-07-19 00:00:00,1.318,1.8038
0.0,2019-07-22 00:00:00,1.3087,1.7945
0.0,2019-07-23 00:00:00,1.3138,1.7996
0.0,2019-07-24 00:00:00,1.3299,1.8157
0.0,2019-07-25 00:00:00,1.3441,1.8299
0.0,2019-07-26 00:00:00,1.3464,1.8322
0.0,2019-07-29 00:00:00,1.357,1.8428
0.0,2019-07-30 00:00:00,1.3574,1.8432
0.0,2019-07-31 00:00:00,1.347,1.8328
0.0,2019-08-01 00:00:00,1.3444,1.8302
0.0,2019-08-02 00:00:00,1.3401,1.8259
0.0,2019-08-05 00:00:00,1.3283,1.8141
0.0,2019-08-06 00:00:00,1.3252,1.811
0.0,2019-08-07 00:00:00,1.3256,1.8114
0.0,2019-08-08 00:00:00,1.3455,1.8313
0.0,2019-08-09 00:00:00,1.3249,1.8107
0.0,2019-08-12 00:00:00,1.3547,1.8405
0.0,2019-08-13 00:00:00,1.3467,1.8325
0.0,2019-08-14 00:00:00,1.3498,1.8356
0.0,2019-08-15 00:00:00,1.3464,1.8322
0.0,2019-08-16 00:00:00,1.3525,1.8383
0.0,2019-08-19 00:00:00,1.3617,1.8475
0.0,2019-08-20 00:00:00,1.3612,1.847
0.0,2019-08-21 00:00:00,1.3556,1.8414
0.0,2019-08-22 00:00:00,1.3581,1.8439
0.0,2019-08-23 00:00:00,1.3659,1.8517
0.0,2019-08-26 00:00:00,1.3609,1.8467
0.0,2019-08-27 00:00:00,1.385,1.8708
0.0,2019-08-28 00:00:00,1.3958,1.8816
0.0,2019-08-29 00:00:00,1.3952,1.881
0.0,2019-08-30 00:00:00,1.3911,1.8769
0.0,2019-09-02 00:00:00,1.4097,1.8955
0.0,2019-09-03 00:00:00,1.4179,1.9037
0.0,2019-09-04 00:00:00,1.4115,1.8973
0.0,2019-09-05 00:00:00,1.4241,1.9099
0.0,2019-09-06 00:00:00,1.4207,1.9065
0.0,2019-09-09 00:00:00,1.4411,1.9269
0.0,2019-09-10 00:00:00,1.44,1.9258
0.0,2019-09-11 00:00:00,1.4188,1.9046
0.0,2019-09-12 00:00:00,1.422,1.9078
0.0,2019-09-16 00:00:00,1.4227,1.9085
0.0,2019-09-17 00:00:00,1.4127,1.8985
0.0,2019-09-18 00:00:00,1.4201,1.9059
0.0,2019-09-19 00:00:00,1.4361,1.9219
0.0,2019-09-20 00:00:00,1.4399,1.9257
0.0,2019-09-23 00:00:00,1.4303,1.9161
0.0,2019-09-24 00:00:00,1.4387,1.9245
0.0,2019-09-25 00:00:00,1.4281,1.9139
0.0,2019-09-26 00:00:00,1.3947,1.8805
0.0,2019-09-27 00:00:00,1.4101,1.8959
0.0,2019-09-30 00:00:00,1.4057,1.8915
0.0,2019-10-08 00:00:00,1.4171,1.9029
0.0,2019-10-09 00:00:00,1.4236,1.9094
0.0,2019-10-10 00:00:00,1.4577,1.9435
0.0,2019-10-11 00:00:00,1.4676,1.9534
0.0,2019-10-14 00:00:00,1.4714,1.9572
0.0,2019-10-15 00:00:00,1.4552,1.941
0.0,2019-10-16 00:00:00,1.4529,1.9387
0.0,2019-10-17 00:00:00,1.461,1.9468
0.0,2019-10-18 00:00:00,1.4567,1.9425
0.0,2019-10-21 00:00:00,1.4499,1.9357
0.0,2019-10-22 00:00:00,1.467,1.9528
0.0,2019-10-23 00:00:00,1.4527,1.9385
0.0,2019-10-24 00:00:00,1.4484,1.9342
0.0,2019-10-25 00:00:00,1.469,1.9548
0.0,2019-10-28 00:00:00,1.4847,1.9705
0.0,2019-10-29 00:00:00,1.4886,1.9744
0.0,2019-10-30 00:00:00,1.4783,1.9641
0.0,2019-10-31 00:00:00,1.4753,1.9611
0.0,2019-11-01 00:00:00,1.4853,1.9711
0.0,2019-11-04 00:00:00,1.5003,1.9861
0.0,2019-11-05 00:00:00,1.5065,1.9923
0.0,2019-11-06 00:00:00,1.4931,1.9789
0.0,2019-11-07 00:00:00,1.4988,1.9846
0.0,2019-11-08 00:00:00,1.4895,1.9753
0.0,2019-11-11 00:00:00,1.4703,1.9561
0.0,2019-11-12 00:00:00,1.4767,1.9625
0.0,2019-11-13 00:00:00,1.4846,1.9704
0.0,2019-11-14 00:00:00,1.4945,1.9803
0.0,2019-11-15 00:00:00,1.4814,1.9672
0.0,2019-11-18 00:00:00,1.4875,1.9733
0.0,2019-11-19 00:00:00,1.5014,1.9872
0.0,2019-11-20 00:00:00,1.4911,1.9769
0.0,2019-11-21 00:00:00,1.4827,1.9685
0.0,2019-11-22 00:00:00,1.461,1.9468
0.0,2019-11-25 00:00:00,1.4542,1.94
0.0,2019-11-26 00:00:00,1.4558,1.9416
0.0,2019-11-27 00:00:00,1.4498,1.9356
0.0,2019-11-28 00:00:00,1.4484,1.9342
0.0,2019-11-29 00:00:00,1.4322,1.918
0.0,2019-12-02 00:00:00,1.4321,1.9179
0.0,2019-12-03 00:00:00,1.4371,1.9229
0.0,2019-12-04 00:00:00,1.4348,1.9206
0.0,2019-12-05 00:00:00,1.445,1.9308
0.0,2019-12-06 00:00:00,1.4528,1.9386
0.0,2019-12-09 00:00:00,1.4467,1.9325
0.0,2019-12-10 00:00:00,1.4496,1.9354
0.0,2019-12-11 00:00:00,1.4493,1.9351
0.0,2019-12-12 00:00:00,1.447,1.9328
0.0,2019-12-13 00:00:00,1.4659,1.9517
0.0,2019-12-16 00:00:00,1.4701,1.9559
0.0,2019-12-17 00:00:00,1.4806,1.9664
0.0,2019-12-18 00:00:00,1.4741,1.9599
0.0,2019-12-19 00:00:00,1.4714,1.9572
0.0,2019-12-20 00:00:00,1.4611,1.9469
0.0,2019-12-23 00:00:00,1.4455,1.9313
0.0,2019-12-24 00:00:00,1.4569,1.9427
0.0,2019-12-25 00:00:00,1.4588,1.9446
0.0,2019-12-26 00:00:00,1.4672,1.953
0.0,2019-12-27 00:00:00,1.4746,1.9604
0.0,2019-12-30 00:00:00,1.4882,1.974
0.0,2019-12-31 00:00:00,1.501,1.9868
0.0,2020-01-02 00:00:00,1.52,2.0058
0.0,2020-01-03 00:00:00,1.5203,2.0061
0.0,2020-01-06 00:00:00,1.5262,2.012
0.0,2020-01-07 00:00:00,1.535,2.0208
0.0,2020-01-08 00:00:00,1.523,2.0088
0.0,2020-01-09 00:00:00,1.5372,2.023
0.0,2020-01-10 00:00:00,1.5421,2.0279
0.0,2020-01-13 00:00:00,1.5635,2.0493
0.0,2020-01-14 00:00:00,1.5509,2.0367
0.0,2020-01-15 00:00:00,1.5496,2.0354
0.0,2020-01-16 00:00:00,1.5546,2.0404
0.0,2020-01-17 00:00:00,1.5563,2.0421
0.0,2020-01-20 00:00:00,1.5688,2.0546
0.0,2020-01-21 00:00:00,1.5446,2.0304
0.0,2020-01-22 00:00:00,1.5604,2.0462
0.0,2020-01-23 00:00:00,1.5128,1.9986
0.0,2020-02-03 00:00:00,1.4155,1.9013
0.0,2020-02-04 00:00:00,1.4641,1.9499
0.0,2020-02-05 00:00:00,1.4759,1.9617
0.0,2020-02-06 00:00:00,1.4997,1.9855
0.0,2020-02-07 00:00:00,1.5058,1.9916
0.0,2020-02-10 00:00:00,1.5211,2.0069
0.0,2020-02-11 00:00:00,1.5297,2.0155
0.0,2020-02-12 00:00:00,1.5406,2.0264
0.0,2020-02-13 00:00:00,1.5263,2.0121
0.0,2020-02-14 00:00:00,1.5342,2.02
0.0,2020-02-17 00:00:00,1.5778,2.0636
0.0,2020-02-18 00:00:00,1.5826,2.0684
0.0,2020-02-19 00:00:00,1.5841,2.0699
0.0,2020-02-20 00:00:00,1.6074,2.0932
0.0,2020-02-21 00:00:00,1.6196,2.1054
0.0,2020-02-24 00:00:00,1.6469,2.1327
0.0,2020-02-25 00:00:00,1.6658,2.1516
0.0,2020-02-26 00:00:00,1.6103,2.0961
0.0,2020-02-27 00:00:00,1.6228,2.1086
0.0,2020-02-28 00:00:00,1.5683,2.0541
0.0,2020-03-02 00:00:00,1.6223,2.1081
0.0,2020-03-03 00:00:00,1.6272,2.113
0.0,2020-03-04 00:00:00,1.6281,2.1139
0.0,2020-03-05 00:00:00,1.6518,2.1376
0.0,2020-03-06 00:00:00,1.6403,2.1261
0.0,2020-03-09 00:00:00,1.6028,2.0886
0.0,2020-03-10 00:00:00,1.6347,2.1205
0.0,2020-03-11 00:00:00,1.6181,2.1039
0.0,2020-03-12 00:00:00,1.5909,2.0767
0.0,2020-03-13 00:00:00,1.5754,2.0612
0.0,2020-03-16 00:00:00,1.5004,1.9862
0.0,2020-03-17 00:00:00,1.4798,1.9656
0.0,2020-03-18 00:00:00,1.4568,1.9426
0.0,2020-03-19 00:00:00,1.4618,1.9476
0.0,2020-03-20 00:00:00,1.4746,1.9604
0.0,2020-03-23 00:00:00,1.4268,1.9126
0.0,2020-03-24 00:00:00,1.4548,1.9406
0.0,2020-03-25 00:00:00,1.4927,1.9785
0.0,2020-03-26 00:00:00,1.4852,1.971
0.0,2020-03-27 00:00:00,1.4873,1.9731
0.0,2020-03-30 00:00:00,1.4671,1.9529
0.0,2020-03-31 00:00:00,1.4821,1.9679
0.0,2020-04-01 00:00:00,1.4782,1.964
0.0,2020-04-02 00:00:00,1.5006,1.9864
0.0,2020-04-03 00:00:00,1.4851,1.9709
0.0,2020-04-07 00:00:00,1.5217,2.0075
0.0,2020-04-08 00:00:00,1.5237,2.0095
0.0,2020-04-09 00:00:00,1.5337,2.0195
0.0,2020-04-10 00:00:00,1.5185,2.0043
0.0,2020-04-13 00:00:00,1.5064,1.9922
0.0,2020-04-14 00:00:00,1.5369,2.0227
0.0,2020-04-15 00:00:00,1.5282,2.014
0.0,2020-04-16 00:00:00,1.5329,2.0187
0.0,2020-04-17 00:00:00,1.5435,2.0293
0.0,2020-04-20 00:00:00,1.5619,2.0477
0.0,2020-04-21 00:00:00,1.5508,2.0366
0.0,2020-04-22 00:00:00,1.5591,2.0449
0.0,2020-04-23 00:00:00,1.5591,2.0449
0.0,2020-04-24 00:00:00,1.542,2.0278
0.0,2020-04-27 00:00:00,1.543,2.0288
0.0,2020-04-28 00:00:00,1.5562,2.042
0.0,2020-04-29 00:00:00,1.549,2.0348
0.0,2020-04-30 00:00:00,1.5727,2.0585
0.0,2020-05-06 00:00:00,1.5795,2.0653
0.0,2020-05-07 00:00:00,1.5796,2.0654
0.0,2020-05-08 00:00:00,1.6001,2.0859
0.0,2020-05-11 00:00:00,1.596,2.0818
0.0,2020-05-12 00:00:00,1.5931,2.0789
0.0,2020-05-13 00:00:00,1.6059,2.0917
0.0,2020-05-14 00:00:00,1.5848,2.0706
0.0,2020-05-15 00:00:00,1.5848,2.0706
0.0,2020-05-18 00:00:00,1.586,2.0718
0.0,2020-05-19 00:00:00,1.6008,2.0866
0.0,2020-05-20 00:00:00,1.5875,2.0733
0.0,2020-05-21 00:00:00,1.5729,2.0587
0.0,2020-05-22 00:00:00,1.541,2.0268
0.0,2020-05-25 00:00:00,1.5371,2.0229
0.0,2020-05-26 00:00:00,1.5618,2.0476
0.0,2020-05-27 00:00:00,1.5501,2.0359
0.0,2020-05-28 00:00:00,1.5449,2.0307
0.0,2020-05-29 00:00:00,1.5619,2.0477
0.0,2020-06-01 00:00:00,1.6071,2.0929
0.0,2020-06-02 00:00:00,1.6074,2.0932
0.0,2020-06-03 00:00:00,1.6093,2.0951
0.0,2020-06-04 00:00:00,1.6119,2.0977
0.0,2020-06-05 00:00:00,1.6132,2.099
0.0,2020-06-08 00:00:00,1.6232,2.109
0.0,2020-06-09 00:00:00,1.6298,2.1156
0.0,2020-06-10 00:00:00,1.6328,2.1186
0.0,2020-06-11 00:00:00,1.6195,2.1053
0.0,2020-06-12 00:00:00,1.6189,2.1047
0.0,2020-06-15 00:00:00,1.6035,2.0893
0.0,2020-06-16 00:00:00,1.6416,2.1274
0.0,2020-06-17 00:00:00,1.6431,2.1289
0.0,2020-06-18 00:00:00,1.655,2.1408
0.0,2020-06-19 00:00:00,1.6747,2.1605
0.0,2020-06-22 00:00:00,1.6733,2.1591
0.0,2020-06-23 00:00:00,1.6765,2.1623
0.0,2020-06-24 00:00:00,1.6833,2.1691
0.0,2020-06-29 00:00:00,1.682,2.1678
0.0,2020-06-30 00:00:00,1.715,2.2008
0.0,2020-07-01 00:00:00,1.7277,2.2135
0.0,2020-07-02 00:00:00,1.7388,2.2246
0.0,2020-07-03 00:00:00,1.7564,2.2422
0.0,2020-07-06 00:00:00,1.8146,2.3004
0.0,2020-07-07 00:00:00,1.8486,2.3344
0.0,2020-07-08 00:00:00,1.8805,2.3663
0.0,2020-07-09 00:00:00,1.9255,2.4113
0.0,2020-07-10 00:00:00,1.9025,2.3883
0.0,2020-07-13 00:00:00,1.9531,2.4389
0.0,2020-07-14 00:00:00,1.9221,2.4079
0.0,2020-07-15 00:00:00,1.9055,2.3913
0.0,2020-07-16 00:00:00,1.8208,2.3066
0.0,2020-07-17 00:00:00,1.8464,2.3322
0.0,2020-07-20 00:00:00,1.8738,2.3596
0.0,2020-07-21 00:00:00,1.8883,2.3741
0.0,2020-07-22 00:00:00,1.9062,2.392
0.0,2020-07-23 00:00:00,1.8982,2.384
0.0,2020-07-24 00:00:00,1.8126,2.2984
0.0,2020-07-27 00:00:00,1.8237,2.3095
0.0,2020-07-28 00:00:00,1.8452,2.331
0.0,2020-07-29 00:00:00,1.8775,2.3633
0.0,2020-07-30 00:00:00,1.8741,2.3599
0.0,2020-07-31 00:00:00,1.8913,2.3771
0.0,2020-08-03 00:00:00,1.9103,2.3961
0.0,2020-08-04 00:00:00,1.9103,2.3961
0.0,2020-08-05 00:00:00,1.9332,2.419
0.0,2020-08-06 00:00:00,1.9373,2.4231
0.0,2020-08-07 00:00:00,1.9192,2.405
0.0,2020-08-10 00:00:00,1.9111,2.3969
0.0,2020-08-11 00:00:00,1.8939,2.3797
0.0,2020-08-12 00:00:00,1.8782,2.364
0.0,2020-08-13 00:00:00,1.8721,2.3579
0.0,2020-08-14 00:00:00,1.8884,2.3742
0.0,2020-08-17 00:00:00,1.9255,2.4113
0.0,2020-08-18 00:00:00,1.9419,2.4277
0.0,2020-08-19 00:00:00,1.9263,2.4121
0.0,2020-08-20 00:00:00,1.9079,2.3937
0.0,2020-08-21 00:00:00,1.9147,2.4005
0.0,2020-08-24 00:00:00,1.9478,2.4336
0.0,2020-08-25 00:00:00,1.9536,2.4394
0.0,2020-08-26 00:00:00,1.9364,2.4222
0.0,2020-08-27 00:00:00,1.9461,2.4319
0.0,2020-08-28 00:00:00,1.9775,2.4633
0.0,2020-08-31 00:00:00,1.9877,2.4735
0.0,2020-09-01 00:00:00,1.994,2.4798
0.0,2020-09-02 00:00:00,1.99,2.4758
0.0,2020-09-03 00:00:00,1.9736,2.4594
0.0,2020-09-04 00:00:00,1.9542,2.44
0.0,2020-09-07 00:00:00,1.9154,2.4012
0.0,2020-09-08 00:00:00,1.9035,2.3893
0.0,2020-09-09 00:00:00,1.8575,2.3433
0.0,2020-09-10 00:00:00,1.8599,2.3457
0.0,2020-09-11 00:00:00,1.8828,2.3686
0.0,2020-09-14 00:00:00,1.891,2.3768
0.0,2020-09-15 00:00:00,1.9148,2.4006
0.0,2020-09-16 00:00:00,1.9028,2.3886
0.0,2020-09-17 00:00:00,1.8899,2.3757
0.0,2020-09-18 00:00:00,1.9205,2.4063
0.0,2020-09-21 00:00:00,1.909,2.3948
0.0,2020-09-22 00:00:00,1.8861,2.3719
0.0,2020-09-23 00:00:00,1.8866,2.3724
0.0,2020-09-24 00:00:00,1.8438,2.3296
0.0,2020-09-25 00:00:00,1.8554,2.3412
0.0,2020-09-28 00:00:00,1.857,2.3428
0.0,2020-09-29 00:00:00,1.8692,2.355
0.0,2020-09-30 00:00:00,1.8674,2.3532
0.0,2020-10-09 00:00:00,1.9051,2.3909
0.0,2020-10-12 00:00:00,1.9427,2.4285
0.0,2020-10-13 00:00:00,1.9527,2.4385
0.0,2020-10-14 00:00:00,1.9429,2.4287
0.0,2020-10-15 00:00:00,1.9277,2.4135
0.0,2020-10-16 00:00:00,1.9231,2.4089
0.0,2020-10-19 00:00:00,1.9113,2.3971
0.0,2020-10-20 00:00:00,1.9279,2.4137
0.0,2020-10-21 00:00:00,1.9253,2.4111
0.0,2020-10-22 00:00:00,1.9206,2.4064
0.0,2020-10-23 00:00:00,1.8894,2.3752
0.0,2020-10-26 00:00:00,1.8955,2.3813
0.0,2020-10-27 00:00:00,1.9066,2.3924
0.0,2020-10-28 00:00:00,1.9339,2.4197
0.0,2020-10-29 00:00:00,1.9371,2.4229
0.0,2020-10-30 00:00:00,1.8931,2.3789
0.0,2020-11-02 00:00:00,1.9134,2.3992
0.0,2020-11-03 00:00:00,1.9361,2.4219
0.0,2020-11-04 00:00:00,1.9406,2.4264
0.0,2020-11-05 00:00:00,1.9717,2.4575
0.0,2020-11-06 00:00:00,1.9662,2.452
0.0,2020-11-09 00:00:00,1.9987,2.4845
0.0,2020-11-10 00:00:00,1.9784,2.4642
0.0,2020-11-11 00:00:00,1.9567,2.4425
0.0,2020-11-12 00:00:00,1.9669,2.4527
0.0,2020-11-13 00:00:00,1.956,2.4418
0.0,2020-11-16 00:00:00,1.9826,2.4684
0.0,2020-11-17 00:00:00,1.9736,2.4594
0.0,2020-11-18 00:00:00,1.9759,2.4617
0.0,2020-11-19 00:00:00,1.9901,2.4759
0.0,2020-11-20 00:00:00,2.0148,2.5006
0.0,2020-11-23 00:00:00,2.0387,2.5245
0.0,2020-11-24 00:00:00,2.0434,2.5292
0.0,2020-11-25 00:00:00,1.9989,2.4847
0.0,2020-11-26 00:00:00,2.0034,2.4892
0.0,2020-11-27 00:00:00,2.0067,2.4925
0.0,2020-11-30 00:00:00,2.0069,2.4927
0.0,2020-12-01 00:00:00,2.0251,2.5109
0.0,2020-12-02 00:00:00,2.0159,2.5017
0.0,2020-12-03 00:00:00,2.005,2.4908
0.0,2020-12-04 00:00:00,2.0248,2.5106
0.0,2020-12-07 00:00:00,2.0117,2.4975
0.0,2020-12-08 00:00:00,2.0114,2.4972
0.0,2020-12-09 00:00:00,1.9903,2.4761
0.0,2020-12-10 00:00:00,1.9893,2.4751
0.0,2020-12-11 00:00:00,1.9723,2.4581
0.0,2020-12-14 00:00:00,1.9937,2.4795
0.0,2020-12-15 00:00:00,1.9888,2.4746
0.0,2020-12-16 00:00:00,2.0004,2.4862
0.0,2020-12-17 00:00:00,2.0275,2.5133
0.0,2020-12-18 00:00:00,2.0399,2.5257
0.0,2020-12-21 00:00:00,2.0639,2.5497
0.0,2020-12-22 00:00:00,2.0335,2.5193
0.0,2020-12-23 00:00:00,2.0503,2.5361
0.0,2020-12-24 00:00:00,2.0579,2.5437
0.0,2020-12-25 00:00:00,2.0848,2.5706
0.0,2020-12-28 00:00:00,2.0972,2.583
0.0,2020-12-29 00:00:00,2.0747,2.5605
0.0,2020-12-30 00:00:00,2.1084,2.5942
0.0,2020-12-31 00:00:00,2.126,2.6118
